{
  "ann_ret_pct": 26.401788146533622,
  "ann_vol_pct": 7.872431362823942,
  "sharpe": 3.0165968834796426,
  "max_dd_pct": -4.940660783262862,
  "worst_year_pct": 15.072400822632526,
  "years_pos": 1,
  "years_n": 1,
  "months_pos_pct": 71.42857142857143,
  "worst_month_pct": -2.8406333473220524,
  "yearly": {
    "2025": 15.07
  }
}