{
  "n_trades": 624,
  "profit_factor": 2.0466274787604397,
  "win_rate": 0.5384615384615384,
  "expectancy_R": 0.5716310120234417,
  "avg_win_R": 1.9447563991268826,
  "avg_loss_R": -1.0303486062639058,
  "total_pnl": 48340.53086570858,
  "commission_total": 2680.2,
  "max_day_share": 0.0530141522544235,
  "max_month_share": 0.11099710214071105,
  "months_positive": 44,
  "months_total": 59,
  "pnl_without_top5": 45442.3623128445,
  "trades_per_day": 0.44603288062902074,
  "total_return_pct": 483.4053086570865,
  "cagr_pct": 37.395725005972146,
  "max_dd_pct": 3.3605161435291686,
  "sharpe": 3.242949052096543,
  "sortino": 4.576244932054407,
  "calmar": 11.127970647598099,
  "exp_R_boot_lb95": 0.47585128139784494,
  "psr": 1.0,
  "bh_total_return_pct": 140.026123046875,
  "bh_max_dd_pct": 35.52595901489258,
  "bh_sharpe": 0.7401833390490526,
  "bh_calmar": 0.4808717966079712
}