{
  "n_trades": 1058,
  "profit_factor": 0.5042931807849746,
  "win_rate": 0.333648393194707,
  "expectancy_R": -0.43172319267058046,
  "avg_win_R": 1.3426847715330628,
  "avg_loss_R": -1.3201856201370854,
  "total_pnl": -9005.395945520371,
  "commission_total": 6185.0,
  "months_positive": 2,
  "months_total": 41,
  "pnl_without_top5": -9345.493670892685,
  "trades_per_day": 0.7562544674767692,
  "total_return_pct": -90.0539594552038,
  "cagr_pct": -34.014566394430275,
  "max_dd_pct": 90.09874753549369,
  "sharpe": -4.058422829278212,
  "sortino": -4.515804549700357,
  "calmar": -0.3775254076759558,
  "exp_R_boot_lb95": -0.49660374093253407,
  "psr": 1.4129057056052422e-26,
  "bh_total_return_pct": 140.026123046875,
  "bh_max_dd_pct": 35.52595901489258,
  "bh_sharpe": 0.7401833390490526,
  "bh_calmar": 0.4808717966079712
}