{
  "n_trades": 643,
  "profit_factor": 1.1146270674384906,
  "win_rate": 0.37636080870917576,
  "expectancy_R": 0.07938706698241774,
  "avg_win_R": 1.9266043095415626,
  "avg_loss_R": -1.035392416058263,
  "total_pnl": 2693.6293631280637,
  "commission_total": 1048.854,
  "max_day_share": 0.20015883750975258,
  "max_month_share": 0.29000276751151055,
  "months_positive": 21,
  "months_total": 52,
  "pnl_without_top5": 2048.987469651577,
  "trades_per_day": 0.45961401000714797,
  "total_return_pct": 26.93629363128065,
  "cagr_pct": 4.389970317861702,
  "max_dd_pct": 9.094818825516782,
  "sharpe": 0.58819871665995,
  "sortino": 0.7243240338637186,
  "calmar": 0.4826891444549757,
  "exp_R_boot_lb95": -0.01947591498283087,
  "psr": 0.9265392475700154,
  "bh_total_return_pct": 140.026123046875,
  "bh_max_dd_pct": 35.52595901489258,
  "bh_sharpe": 0.7401833390490526,
  "bh_calmar": 0.4808717966079712
}