{
  "ann_ret_pct": 27.296313864490962,
  "ann_vol_pct": 8.040163626265972,
  "sharpe": 3.043103671113244,
  "max_dd_pct": -4.884354151310843,
  "worst_year_pct": 15.55967441993138,
  "years_pos": 1,
  "years_n": 1,
  "months_pos_pct": 71.42857142857143,
  "worst_month_pct": -2.8159125747000635,
  "yearly": {
    "2025": 15.56
  }
}