{
  "base": {
    "n_feat": 29,
    "econ": {
      "n_trades": 707,
      "net_ev_sum": 0.8510913848876953,
      "net_ev_mean": 0.0012038067216053605,
      "hit_rate": 0.38330975954738333
    },
    "auc": [
      0.526,
      0.5217
    ]
  },
  "base+time": {
    "n_feat": 39,
    "econ": {
      "n_trades": 1166,
      "net_ev_sum": -203.83154296875,
      "net_ev_mean": -0.17481264472007751,
      "hit_rate": 0.3439108061749571
    },
    "auc": [
      0.5304,
      0.5284
    ]
  },
  "base+time+ms": {
    "n_feat": 94,
    "econ": {
      "n_trades": 1213,
      "net_ev_sum": 29.220252990722656,
      "net_ev_mean": 0.02408924326300621,
      "hit_rate": 0.39159109645507006
    },
    "auc": [
      0.528,
      0.5289
    ]
  },
  "base+time+zz": {
    "n_feat": 58,
    "econ": {
      "n_trades": 954,
      "net_ev_sum": -146.8219451904297,
      "net_ev_mean": -0.15390141308307648,
      "hit_rate": 0.350104821802935
    },
    "auc": [
      0.5316,
      0.5305
    ]
  },
  "all": {
    "n_feat": 113,
    "econ": {
      "n_trades": 1005,
      "net_ev_sum": 157.5326385498047,
      "net_ev_mean": 0.15674889087677002,
      "hit_rate": 0.4129353233830846
    },
    "auc": [
      0.5303,
      0.5283
    ]
  }
}