{
  "real_only": {
    "econ": {
      "n_trades": 1220,
      "net_ev_sum": 228.86990356445312,
      "net_ev_mean": 0.18759828805923462,
      "hit_rate": 0.42213114754098363
    },
    "auc_test_long": 0.5362142574740622,
    "auc_test_short": 0.5316846219407964,
    "blocks": [
      92.82598876953125,
      74.74897003173828,
      0.0,
      -1.5977730751037598,
      3.259896755218506,
      -0.21558105945587158,
      63.87873077392578,
      9.056312561035156,
      -9.031904220581055,
      -4.054740905761719
    ],
    "per_trade_ev_lb95": 0.08198721706867218
  },
  "w_0.25": {
    "econ": {
      "n_trades": 66,
      "net_ev_sum": 2.868152141571045,
      "net_ev_mean": 0.043456852436065674,
      "hit_rate": 0.3787878787878788
    },
    "auc_test_long": 0.5361382101760217,
    "auc_test_short": 0.533899050219959,
    "blocks": [
      -0.16879510879516602,
      3.439286708831787,
      2.2901501655578613,
      0.0,
      -2.1498305797576904,
      -1.668444275856018,
      2.720391035079956,
      0.0,
      -1.5946059226989746,
      0.0
    ]
  },
  "w_0.5": {
    "econ": {
      "n_trades": 37,
      "net_ev_sum": -3.8623294830322266,
      "net_ev_mean": -0.10438728332519531,
      "hit_rate": 0.35135135135135137
    },
    "auc_test_long": 0.5350419312475496,
    "auc_test_short": 0.5336558942836461,
    "blocks": [
      -13.909812927246094,
      12.497339248657227,
      0.5363450050354004,
      -8.79194164276123,
      3.3764333724975586,
      -1.668444275856018,
      2.8376779556274414,
      0.0,
      1.2600750923156738,
      0.0
    ]
  },
  "w_1.0": {
    "econ": {
      "n_trades": 34,
      "net_ev_sum": -13.561359405517578,
      "net_ev_mean": -0.3988635241985321,
      "hit_rate": 0.29411764705882354
    },
    "auc_test_long": 0.533851495209408,
    "auc_test_short": 0.5336915832994731,
    "blocks": [
      0.0,
      0.0,
      -8.332094192504883,
      -7.524117469787598,
      -0.21354150772094727,
      -1.668444275856018,
      0.0,
      0.0,
      4.176837921142578,
      0.0
    ]
  }
}