{
  "n_trades": 135,
  "profit_factor": 1.2452765516097153,
  "win_rate": 0.4,
  "expectancy_R": 0.16406582646968504,
  "avg_win_R": 1.940783384681794,
  "avg_loss_R": -1.0204125456717208,
  "total_pnl": 1130.711162805877,
  "commission_total": 185.57399999999996,
  "max_day_share": 0.2436962235185302,
  "max_month_share": 0.6217164793925807,
  "months_positive": 4,
  "months_total": 6,
  "pnl_without_top5": 559.8515194400169,
  "trades_per_day": 1.1946902654867257,
  "total_return_pct": 11.307111628058774,
  "cagr_pct": 26.984353833059018,
  "max_dd_pct": 5.295529476180539,
  "sharpe": 2.006086867904474,
  "sortino": 3.1959948500784727,
  "calmar": 5.095685701389352,
  "exp_R_boot_lb95": -0.04855922828692348,
  "psr": 0.9173624653326948,
  "bh_total_return_pct": 15.6214599609375,
  "bh_max_dd_pct": 12.37129020690918,
  "bh_sharpe": 1.7356681420971256,
  "bh_calmar": 3.0896787643432617
}