{
  "econ": {
    "n_trades": 1288,
    "net_ev_sum": -386.1260070800781,
    "net_ev_mean": -0.2997872829437256,
    "hit_rate": 0.33229813664596275
  },
  "auc_long": 0.5252648241546363,
  "auc_short": 0.5251823493135442,
  "per_trade_lb": -0.39928287267684937,
  "w_synth": 0.0,
  "blocks": [
    -93.26519775390625,
    -6.786653995513916,
    3.7912700176239014,
    -59.0667839050293,
    -207.98971557617188,
    -20.608440399169922,
    -2.4016528129577637,
    -0.3070836067199707,
    10.224843978881836,
    -9.71658706665039
  ]
}