{
  "n_trades": 1058,
  "profit_factor": 0.5042931807849746,
  "win_rate": 0.333648393194707,
  "expectancy_R": -0.43172319267058046,
  "avg_win_R": 1.3426847715330628,
  "avg_loss_R": -1.3201856201370854,
  "total_pnl": -9005.395945520371,
  "commission_total": 6185.0,
  "months_positive": 2,
  "months_total": 41,
  "pnl_without_top5": -9345.493670892685,
  "trades_per_day": 0.7562544674767692,
  "total_return_pct": 0.0,
  "cagr_pct": 0.0,
  "max_dd_pct": 90.09874753549369,
  "sharpe": 3.3423013294069057,
  "sortino": 11.941453479512232,
  "calmar": 0.0,
  "exp_R_boot_lb95": -0.49660374093253407,
  "psr": 1.0,
  "bh_total_return_pct": 140.026123046875,
  "bh_max_dd_pct": 35.52595901489258,
  "bh_sharpe": 0.7401833390490526,
  "bh_calmar": 0.4808717966079712
}