{
  "n_trades": 1026,
  "profit_factor": 0.5194952973053645,
  "win_rate": 0.3206627680311891,
  "expectancy_R": -0.44513600541761383,
  "avg_win_R": 1.3480697178761127,
  "avg_loss_R": -1.2915702707886845,
  "total_pnl": -9003.81042341896,
  "commission_total": 6230.280000000001,
  "months_positive": 1,
  "months_total": 38,
  "pnl_without_top5": -9359.940520102462,
  "trades_per_day": 0.7333809864188706,
  "total_return_pct": 0.0,
  "cagr_pct": 0.0,
  "max_dd_pct": 90.03810423418959,
  "sharpe": 3.249157016449286,
  "sortino": 12.3647597039165,
  "calmar": 0.0,
  "exp_R_boot_lb95": -0.5076986333223852,
  "psr": 1.0,
  "bh_total_return_pct": 140.026123046875,
  "bh_max_dd_pct": 35.52595901489258,
  "bh_sharpe": 0.7401833390490526,
  "bh_calmar": 0.4808717966079712
}