{
  "econ": {
    "n_trades": 9530,
    "net_ev_sum": -854.1703491210938,
    "net_ev_mean": -0.089629627764225,
    "hit_rate": 0.3514165792235047
  },
  "auc_long": 0.5302921774900295,
  "auc_short": 0.5287145356657266,
  "per_trade_lb": -0.12662050127983093,
  "w_synth": 0.0,
  "blocks": [
    67.20367431640625,
    -229.7685089111328,
    -305.9515686035156,
    73.19969177246094,
    25.75995445251465,
    66.10560607910156,
    -251.56759643554688,
    -420.66424560546875,
    38.161224365234375,
    83.3514404296875
  ]
}