{
  "verdicts": {
    "synth_u1": {
      "ks_z5": [
        0.0191,
        "PASS"
      ],
      "kurt_ratio": [
        1.28,
        "PASS"
      ],
      "acf_absr_lag1_ratio": [
        0.97,
        "PASS"
      ],
      "acf_absr_lag12_ratio": [
        0.89,
        "PASS"
      ],
      "intraday_corr": [
        0.995,
        "PASS"
      ]
    },
    "synth_u2": {
      "ks_z5": [
        0.0073,
        "PASS"
      ],
      "kurt_ratio": [
        0.74,
        "PASS"
      ],
      "acf_absr_lag1_ratio": [
        0.94,
        "PASS"
      ],
      "acf_absr_lag12_ratio": [
        0.85,
        "PASS"
      ],
      "intraday_corr": [
        0.995,
        "PASS"
      ]
    },
    "synth_u3": {
      "ks_z5": [
        0.0207,
        "PASS"
      ],
      "kurt_ratio": [
        1.97,
        "PASS"
      ],
      "acf_absr_lag1_ratio": [
        0.98,
        "PASS"
      ],
      "acf_absr_lag12_ratio": [
        0.89,
        "PASS"
      ],
      "intraday_corr": [
        0.994,
        "PASS"
      ]
    },
    "synth_u4": {
      "ks_z5": [
        0.0151,
        "PASS"
      ],
      "kurt_ratio": [
        1.24,
        "PASS"
      ],
      "acf_absr_lag1_ratio": [
        0.97,
        "PASS"
      ],
      "acf_absr_lag12_ratio": [
        0.9,
        "PASS"
      ],
      "intraday_corr": [
        0.996,
        "PASS"
      ]
    },
    "synth_u5": {
      "ks_z5": [
        0.0099,
        "PASS"
      ],
      "kurt_ratio": [
        0.82,
        "PASS"
      ],
      "acf_absr_lag1_ratio": [
        0.94,
        "PASS"
      ],
      "acf_absr_lag12_ratio": [
        0.8,
        "PASS"
      ],
      "intraday_corr": [
        0.996,
        "PASS"
      ]
    }
  },
  "w_cap": 1.0,
  "stats": {
    "real_training": {
      "source": "real_training",
      "n_5m": 380200,
      "std_5m_bps": 9.548980255099247,
      "skew": -0.1624384591007834,
      "ex_kurtosis": 64.85874816365398,
      "total_return_pct": 143.47250878119823,
      "acf_r": {
        "1": -0.006310872701417425,
        "2": -0.014724685908633784,
        "3": 0.008313547339309862,
        "4": 0.009081669335879736,
        "5": -0.005049714435675885,
        "6": 0.0017065438345532393,
        "7": 0.0025741802526020817,
        "8": -0.0016779273744379332,
        "9": 0.003200774989610233,
        "10": -0.0014397374955946725
      },
      "acf_absr": {
        "1": 0.4099877128749718,
        "2": 0.3972397210717563,
        "3": 0.3855673950860318,
        "6": 0.36103626642402237,
        "12": 0.3326896332434827,
        "24": 0.2692767086350835,
        "48": 0.2252692876569513,
        "96": 0.12603696372230008
      },
      "p999_over_p50_absr": 25.82598318775068
    },
    "real_validation": {
      "source": "real_validation",
      "n_5m": 41054,
      "std_5m_bps": 5.669094859569927,
      "skew": -0.22844471379786604,
      "ex_kurtosis": 18.075512759990865,
      "total_return_pct": 19.70715931925544,
      "acf_r": {
        "1": 0.01388541426607443,
        "2": -0.011365494842672807,
        "3": 0.012330073292560287,
        "4": 0.004395160616737117,
        "5": -0.00957021794713016,
        "6": -0.0012085375771011075,
        "7": 0.007719962417032069,
        "8": 0.004574172001276116,
        "9": -0.009797378254975883,
        "10": 0.0025708061083458446
      },
      "acf_absr": {
        "1": 0.3839860056737869,
        "2": 0.3368619745577844,
        "3": 0.32488030757856606,
        "6": 0.2792922654703383,
        "12": 0.2555809521967212,
        "24": 0.1922864934521588,
        "48": 0.12248218704065703,
        "96": 0.030428109119311746
      },
      "p999_over_p50_absr": 19.684095269940993
    },
    "synth_u1": {
      "source": "synth_u1",
      "n_5m": 421317,
      "std_5m_bps": 8.205174305196305,
      "skew": 0.0930919022639125,
      "ex_kurtosis": 83.09208067488399,
      "total_return_pct": 434.9308490582329,
      "acf_r": {
        "1": -0.01197795105310464,
        "2": 0.001084494002633413,
        "3": 0.003350401853009241,
        "4": -0.006200469924520229,
        "5": 0.004156216320017981,
        "6": -0.0006194526012934246,
        "7": 0.010409079710609809,
        "8": 0.0005821206550314585,
        "9": 0.0019656548098472694,
        "10": 0.0007330295471022908
      },
      "acf_absr": {
        "1": 0.39923421174755847,
        "2": 0.37624786535351207,
        "3": 0.35617559760636985,
        "6": 0.32105839928019303,
        "12": 0.2947398608244402,
        "24": 0.25213711168840763,
        "48": 0.20567419317894842,
        "96": 0.11233084176837244
      },
      "p999_over_p50_absr": 31.55640619359463
    },
    "synth_u2": {
      "source": "synth_u2",
      "n_5m": 423042,
      "std_5m_bps": 8.446328405355567,
      "skew": -0.191983591322813,
      "ex_kurtosis": 48.02844651251838,
      "total_return_pct": 207.04343117647198,
      "acf_r": {
        "1": 0.0031450300043367094,
        "2": 0.0015923874571214852,
        "3": -0.0072669858047686295,
        "4": -0.002267227627805651,
        "5": 0.005045172118717442,
        "6": 0.004548509321587091,
        "7": 0.001879943423743152,
        "8": 0.0018972423599438993,
        "9": -0.0013941818214100684,
        "10": 0.005967977310612858
      },
      "acf_absr": {
        "1": 0.38685138188119683,
        "2": 0.36553867246283556,
        "3": 0.34266851096199097,
        "6": 0.3105633031170366,
        "12": 0.282583429929122,
        "24": 0.22935575332469071,
        "48": 0.18989200914484058,
        "96": 0.09455455432623666
      },
      "p999_over_p50_absr": 27.863573708081166
    },
    "synth_u3": {
      "source": "synth_u3",
      "n_5m": 422279,
      "std_5m_bps": 9.2900695848198,
      "skew": 0.9165624406258911,
      "ex_kurtosis": 127.63823187439417,
      "total_return_pct": -36.60298117407837,
      "acf_r": {
        "1": -0.009028715929563,
        "2": -0.00024588328994980366,
        "3": 0.003834856751245053,
        "4": 0.003599314064591431,
        "5": 0.002249400602507027,
        "6": 0.0014480332154006654,
        "7": -0.004255698031803308,
        "8": -0.0028049274290627628,
        "9": 0.005753848651160134,
        "10": 0.0037678514708809198
      },
      "acf_absr": {
        "1": 0.4015585969067228,
        "2": 0.37768128133838647,
        "3": 0.3588631637300705,
        "6": 0.3272747118137719,
        "12": 0.29540825043713737,
        "24": 0.24398503934919283,
        "48": 0.21175955236192087,
        "96": 0.12018351579843332
      },
      "p999_over_p50_absr": 32.47753304108065
    },
    "synth_u4": {
      "source": "synth_u4",
      "n_5m": 422379,
      "std_5m_bps": 8.587070587669782,
      "skew": 0.17893457071539612,
      "ex_kurtosis": 80.60794415677783,
      "total_return_pct": 67.70880475525816,
      "acf_r": {
        "1": 0.004838221838594814,
        "2": -0.0045334985634871705,
        "3": -0.0003338459972551336,
        "4": -0.0035260149529878003,
        "5": -0.0028952829952823968,
        "6": -0.0020439434327040053,
        "7": -0.0017253211983096356,
        "8": 0.005964418081268332,
        "9": -0.0055937058244196845,
        "10": -0.0029206013306774543
      },
      "acf_absr": {
        "1": 0.39598768385041766,
        "2": 0.36850412565284474,
        "3": 0.3509085284971208,
        "6": 0.3264964712180525,
        "12": 0.2989669689291589,
        "24": 0.24797823381890022,
        "48": 0.20226766242710417,
        "96": 0.11110429593111162
      },
      "p999_over_p50_absr": 30.06689095927911
    },
    "synth_u5": {
      "source": "synth_u5",
      "n_5m": 423086,
      "std_5m_bps": 7.689390503369029,
      "skew": 0.12709660214492993,
      "ex_kurtosis": 53.358417830938144,
      "total_return_pct": 200.93367351092587,
      "acf_r": {
        "1": 0.004100303874357518,
        "2": 0.000735955140469137,
        "3": -0.003095375784821867,
        "4": 0.010693727141019871,