{
  "cfg": {
    "num_leaves": 63,
    "max_depth": 5,
    "min_child_samples": 3000,
    "feature_fraction": 0.75,
    "bagging_fraction": 0.8,
    "lambda_l2": 20.0,
    "learning_rate": 0.05
  },
  "auc": 0.4998112455136123,
  "gates": {
    "0.05": {
      "n": 151814,
      "sum": 17442.47265625,
      "mean": 0.11489370465278625
    },
    "0.1": {
      "n": 144282,
      "sum": 15279.5048828125,
      "mean": 0.10590028762817383
    },
    "0.15": {
      "n": 136845,
      "sum": 16754.947265625,
      "mean": 0.12243741005659103
    },
    "0.2": {
      "n": 129609,
      "sum": 15780.4501953125,
      "mean": 0.12175428122282028
    },
    "0.3": {
      "n": 115607,
      "sum": 13943.7744140625,
      "mean": 0.12061358243227005
    }
  },
  "M": 5.811061382293701
}