{
  "best": {
    "cfg": {
      "num_leaves": 63,
      "max_depth": 9,
      "min_child_samples": 1000,
      "feature_fraction": 0.6,
      "bagging_fraction": 0.8,
      "lambda_l2": 5.0,
      "learning_rate": 0.05
    },
    "econ": {
      "n_trades": 4327,
      "net_ev_sum": 377.3502197265625,
      "net_ev_mean": 0.08720827847719193,
      "hit_rate": 0.38779755026577306
    },
    "auc_test_long": 0.5363368313372566,
    "auc_test_short": 0.5311461874359683,
    "auc_gap_mean": 0.14741348165080523,
    "blocks": [
      -39.47251510620117,
      -33.21173858642578,
      32.762367248535156,
      35.344886779785156,
      99.39266967773438,
      32.10723876953125,
      25.94793701171875,
      2.672024726867676,
      85.88362884521484,
      135.92372131347656
    ]
  },
  "second": {
    "cfg": {
      "num_leaves": 63,
      "max_depth": 5,
      "min_child_samples": 1000,
      "feature_fraction": 0.6,
      "bagging_fraction": 0.8,
      "lambda_l2": 5.0,
      "learning_rate": 0.03
    },
    "econ": {
      "n_trades": 2706,
      "net_ev_sum": 305.46221923828125,
      "net_ev_mean": 0.1128833070397377,
      "hit_rate": 0.3887657058388766
    },
    "auc_test_long": 0.5356255371474586,
    "auc_test_short": 0.5323174959676767,
    "auc_gap_mean": 0.07878821443746861,
    "blocks": [
      -27.506135940551758,
      24.688703536987305,
      -9.682522773742676,
      18.60354995727539,
      29.50265884399414,
      60.075740814208984,
      42.97246170043945,
      0.9353315830230713,
      -43.17487716674805,
      209.04730224609375
    ]
  },
  "pbo": {
    "pbo": 0.1349206349206349,
    "n_combos": 126,
    "mean_logit": 1.540740071628726
  },
  "n_configs": 20,
  "search_folds": [
    0,
    2,
    4
  ],
  "run_dir": "/Users/gervaciusjr/Desktop/DAY TRADING AI/runs/lgbm_search_20260702_213920"
}