{
  "long": {
    "coef": [
      0.3410448133945465,
      0.07460694760084152
    ],
    "intercept": -0.4057215452194214
  },
  "short": {
    "coef": [
      0.3452569246292114,
      0.0940905287861824
    ],
    "intercept": -0.4325762391090393
  }
}